grupo,brecha observada (%),explicada por características (%),no explicada (%),mujeres encuestadas
Rama: Servicio doméstico,-8.170328448802833,0.25533267333694987,-8.404202447358289,9278.0
Calificación: No calificada,2.6220757786143745,4.38367846286325,-1.6876227300953062,14627.0
Rama: Enseñanza,0.694749468879996,-3.1550361395038307,3.9752047550241087,7173.0
Sector: Privado,10.282022726629613,4.414999951096266,5.618946299172745,29190.0
Calificación: Técnica,3.4759161620600443,-3.9440151630127263,7.724590339336834,9042.0
Sector: Estatal,-0.65782380907633,-8.040053509225654,8.027657672560661,15544.0
Calificación: Profesional,7.072334247005951,-0.9968716027211277,8.150455425354885,3782.0
Tamaño: Más de 40,-3.384797151693164,-10.67135956779306,8.1570282283987,13178.0
Rama: Administración pública,-2.615547032141974,-10.041511718592167,8.254879365269364,6277.0
Rama: Hoteles y restaurantes,9.23886939182308,0.7586172084246057,8.416403895119572,2448.0
Rama: Salud y servicios sociales,13.463943532217693,3.2724233583448337,9.86857850571523,5266.0
Tamaño: 6 a 40,-5.086598931347874,-13.823825855271444,10.138796495246872,14179.0
Calificación: Operativa,2.8179182720046825,-8.071921853299347,11.846043499273208,17996.0
Tamaño: Hasta 5,-0.49878516726414857,-11.407131450740259,12.312894324457746,6920.0
Rama: Finanzas e inmobiliarias,13.498565544016007,0.39844256356220686,13.048133662193152,1068.0
Rama: Comercio,12.374962739601658,-1.2311094278438461,13.77566568645976,5715.0
Rama: Industria,13.266235936241078,-0.6843065987161334,14.046664789007913,1850.0
Rama: Servicios profesionales y empresariales,-0.25916777440380123,-12.81278630844509,14.398462804939104,2617.0
Rama: Otros servicios,18.25781761331222,2.9770056696514002,14.839052509141148,1597.0
