,variable,efecto_%,ic_inf_%,ic_sup_%,p_valor
C(AGLOMERADO)[T.código 12],Aglomerado urbano: código 12,-10.581681260307828,-14.888635243173432,-6.05677926704995,8.969810869360215e-06
C(AGLOMERADO)[T.código 13],Aglomerado urbano: código 13,15.159910448070214,11.064627860970111,19.406198263308294,2.1666951788097323e-14
C(AGLOMERADO)[T.código 14],Aglomerado urbano: código 14,2.7318071068963334,-1.9747578332628524,7.664352142042241,0.25999949599004324
C(AGLOMERADO)[T.código 15],Aglomerado urbano: código 15,-4.791450183483792,-9.396439772253062,0.04759123569224588,0.052239651926526555
C(AGLOMERADO)[T.código 17],Aglomerado urbano: código 17,46.36020525100983,39.95235559331236,53.06144430584596,1.96740979493323e-62
C(AGLOMERADO)[T.código 18],Aglomerado urbano: código 18,-13.3693571492849,-16.928606694318006,-9.657609171040239,2.0169742887865083e-11
C(AGLOMERADO)[T.código 19],Aglomerado urbano: código 19,-9.285773375791473,-13.589535383291828,-4.7676580778723725,8.501160949104249e-05
C(AGLOMERADO)[T.código 2],Aglomerado urbano: código 2,7.041256069900781,2.0620564695583044,12.263370907478798,0.005113313449770004
C(AGLOMERADO)[T.código 20],Aglomerado urbano: código 20,31.70533871636274,25.053928296357864,38.71052659204661,2.100345277654027e-25
C(AGLOMERADO)[T.código 22],Aglomerado urbano: código 22,-1.0863863194572776,-5.295042452150456,3.309301061671932,0.6224451741276728
C(AGLOMERADO)[T.código 23],Aglomerado urbano: código 23,-0.46110359245957744,-4.417807722236178,3.6593915866486526,0.8232851498244724
C(AGLOMERADO)[T.código 25],Aglomerado urbano: código 25,-14.329148964960526,-17.915784169631156,-10.585797247118034,1.3626055214559366e-12
C(AGLOMERADO)[T.código 26],Aglomerado urbano: código 26,11.750752462428625,7.450829579000384,16.222747882438206,2.8630660729390415e-08
C(AGLOMERADO)[T.código 27],Aglomerado urbano: código 27,-6.938994641475538,-10.607321415844396,-3.120134047819856,0.0004569497596423852
C(AGLOMERADO)[T.código 29],Aglomerado urbano: código 29,-1.1946281882219356,-5.127732368407267,2.901530052737633,0.561991803685446
C(AGLOMERADO)[T.código 3],Aglomerado urbano: código 3,18.37098406437814,13.205761253965488,23.77187974502002,1.27459189337279e-13
C(AGLOMERADO)[T.código 30],Aglomerado urbano: código 30,23.732688328611573,18.276944027628982,29.44008899527393,2.1290405875984117e-20
C(AGLOMERADO)[T.código 31],Aglomerado urbano: código 31,40.48461040843125,33.89243983910626,47.4013453285687,1.0693641433989814e-43
C(AGLOMERADO)[T.código 32],Aglomerado urbano: código 32,27.400094990676216,22.064056356008788,32.96939892194841,1.3571655004147676e-28
C(AGLOMERADO)[T.código 33],Aglomerado urbano: código 33,13.338874129647715,9.574546155431317,17.232521965042167,3.7137943441344043e-13
C(AGLOMERADO)[T.código 34],Aglomerado urbano: código 34,23.2658196369989,17.524807755999028,29.287276285763973,8.259864274899442e-18
C(AGLOMERADO)[T.código 36],Aglomerado urbano: código 36,18.06650674764132,12.988064100276109,23.373208724237003,1.3252346315476238e-13
C(AGLOMERADO)[T.código 38],Aglomerado urbano: código 38,7.043226616909859,2.3231867511384285,11.980995983118525,0.00309533213685866
C(AGLOMERADO)[T.código 4],Aglomerado urbano: código 4,17.39124961706786,12.959373144733387,21.99700744620541,3.18551824442299e-16
C(AGLOMERADO)[T.código 5],Aglomerado urbano: código 5,14.87122838882815,9.762340461834395,20.217909494618592,2.330791039644646e-09
C(AGLOMERADO)[T.código 6],Aglomerado urbano: código 6,9.613406900466659,5.2644986144483985,14.141986429203413,8.83466351828935e-06
C(AGLOMERADO)[T.código 7],Aglomerado urbano: código 7,-1.227518932137106,-6.433128391670451,4.26770553086262,0.6547944034074065
C(AGLOMERADO)[T.código 8],Aglomerado urbano: código 8,-11.348902961240126,-16.52284281299814,-5.854280727718175,8.631498520381595e-05
C(AGLOMERADO)[T.código 9],Aglomerado urbano: código 9,33.83678397451418,26.948734153412456,41.09856915150094,3.0501615599618763e-27
C(AGLOMERADO)[T.código 91],Aglomerado urbano: código 91,29.830838739094247,23.498571859339012,36.4877863275634,1.4125163370160122e-24
C(AGLOMERADO)[T.código 93],Aglomerado urbano: código 93,33.294267126968926,27.83542694655836,38.986211203748724,2.3355788137531305e-41
C(INTENSI)[T.código 1],Intensidad de la ocupación: código 1,-70.55740680560955,-72.15816738636629,-68.86461081639159,0.0
C(INTENSI)[T.código 2],Intensidad de la ocupación: código 2,-72.4672734439,-73.92061813992203,-70.9329371501174,0.0
C(INTENSI)[T.código 3],Intensidad de la ocupación: código 3,-77.35434946375848,-78.66251412857339,-75.96598346685685,0.0
C(caes_division)[T.10],"Actividad del establecimiento (CAES, 2 dígitos): 10",10.571546497107054,-10.237118318737625,36.204037412426885,0.34481155000758257
C(caes_division)[T.13],"Actividad del establecimiento (CAES, 2 dígitos): 13",-3.7767804715992837,-28.42981376436401,29.36822528206069,0.7987762576909011
C(caes_division)[T.14],"Actividad del establecimiento (CAES, 2 dígitos): 14",-4.26412487774277,-23.657654473279223,20.05601507509931,0.7059444900388439
C(caes_division)[T.40],"Actividad del establecimiento (CAES, 2 dígitos): 40",21.554798905835028,-2.183162500881053,51.053433282087845,0.07826535371263824
C(caes_division)[T.45],"Actividad del establecimiento (CAES, 2 dígitos): 45",16.15598065522821,-7.799187413036279,46.33506433852639,0.20376706649516108
C(caes_division)[T.48],"Actividad del establecimiento (CAES, 2 dígitos): 48",7.274418889544632,-12.039125411645479,30.828632638596474,0.4880897286710164
C(caes_division)[T.49],"Actividad del establecimiento (CAES, 2 dígitos): 49",14.858899552645433,-12.274163563354467,50.38405266129544,0.31367142275605353
C(caes_division)[T.52],"Actividad del establecimiento (CAES, 2 dígitos): 52",25.317337710428987,1.1462393384139347,55.26464684748178,0.03899777902034879
C(caes_division)[T.53],"Actividad del establecimiento (CAES, 2 dígitos): 53",36.36289973349505,8.324887834048234,71.658063031777,0.008269999478110654
C(caes_division)[T.55],"Actividad del establecimiento (CAES, 2 dígitos): 55",17.671154558071777,-4.799664520031266,45.44592248777406,0.1323150758987553
C(caes_division)[T.56],"Actividad del establecimiento (CAES, 2 dígitos): 56",2.7662883676339067,-16.20676650966322,26.03535613740926,0.7932974554866923
C(caes_division)[T.61],"Actividad del establecimiento (CAES, 2 dígitos): 61",23.442710861842684,-1.35626720194022,54.47613784157414,0.06567718806383976
C(caes_division)[T.62],"Actividad del establecimiento (CAES, 2 dígitos): 62",25.68797063279098,-0.7111331281824507,59.10611591714445,0.057349734914055955
C(caes_division)[T.64],"Actividad del establecimiento (CAES, 2 dígitos): 64",52.76661722988689,22.525856929993402,90.47113747751227,0.00016655275790370018
C(caes_division)[T.65],"Actividad del establecimiento (CAES, 2 dígitos): 65",17.72887365050073,-4.330497994900007,44.87467166157828,0.12312944280598664
C(caes_division)[T.68],"Actividad del establecimiento (CAES, 2 dígitos): 68",12.452251856736263,-9.681761847654979,40.01058043582437,0.2939914846292697
C(caes_division)[T.69],"Actividad del establecimiento (CAES, 2 dígitos): 69",6.133760942731148,-14.33268812671301,31.48977090013365,0.5860041490259624
C(caes_division)[T.72],"Actividad del establecimiento (CAES, 2 dígitos): 72",17.83624619805235,-6.611575253805979,48.68417532242291,0.16654148792703627
C(caes_division)[T.74],"Actividad del establecimiento (CAES, 2 dígitos): 74",27.03688688725796,1.413161139300101,59.13487410020159,0.03733762362507555
C(caes_division)[T.79],"Actividad del establecimiento (CAES, 2 dígitos): 79",38.18496084542464,0.9367063027688083,89.17878444115372,0.043576483797679776
C(caes_division)[T.80],"Actividad del establecimiento (CAES, 2 dígitos): 80",18.77004640346589,-8.291386996039252,53.81678405791843,0.19227045588836678
C(caes_division)[T.81],"Actividad del establecimiento (CAES, 2 dígitos): 81",-9.298202436163294,-26.357797982170027,11.713336319293767,0.3586055509938061
C(caes_division)[T.82],"Actividad del establecimiento (CAES, 2 dígitos): 82",12.722674311197935,-10.10654270349013,41.34956743244238,0.2996383542846339
C(caes_division)[T.84],"Actividad del establecimiento (CAES, 2 dígitos): 84",13.668630701169636,-7.212573014020418,39.24901277229309,0.21604401698426257
C(caes_division)[T.85],"Actividad del establecimiento (CAES, 2 dígitos): 85",7.035727661697622,-12.567255313237247,31.033825337564025,0.5100485387005358
C(caes_division)[T.86],"Actividad del establecimiento (CAES, 2 dígitos): 86",9.573330742474461,-10.453600212608682,34.07925766425131,0.37465783195114255
C(caes_division)[T.87],"Actividad del establecimiento (CAES, 2 dígitos): 87",0.6791226917843396,-18.492155034540104,24.359633729523345,0.9499267251872282
C(caes_division)[T.88],"Actividad del establecimiento (CAES, 2 dígitos): 88",-1.8211302231185278,-21.77711457160534,23.225964088086304,0.8740394104855307
C(caes_division)[T.92],"Actividad del establecimiento (CAES, 2 dígitos): 92",-4.2243053466132,-24.453209829619325,21.42122339878314,0.7214268543190997
C(caes_division)[T.93],"Actividad del establecimiento (CAES, 2 dígitos): 93",5.578111797616403,-15.517356810921735,31.94115702325724,0.6331611386343436
C(caes_division)[T.94],"Actividad del establecimiento (CAES, 2 dígitos): 94",11.016728965756673,-10.175011550851988,37.20807898832719,0.33352155402768024
C(caes_division)[T.96],"Actividad del establecimiento (CAES, 2 dígitos): 96",13.99975169389187,-8.980941288933286,42.78266079990638,0.2539880579720899
C(caes_division)[T.97],"Actividad del establecimiento (CAES, 2 dígitos): 97",-11.158134815085551,-28.905903431769197,11.020146404976394,0.2980902218516571
C(caes_division)[T.99],"Actividad del establecimiento (CAES, 2 dígitos): 99",18.103773480178976,-6.965734258704648,49.9286440228879,0.17167157152308965
C(caes_division)[T.Otros],"Actividad del establecimiento (CAES, 2 dígitos): Otros",20.488842615591494,-1.6049671694967071,47.54363891369331,0.07132330837561547
C(PP07K)[T.Sin dato],Comprobante de pago: Sin dato,-26.77968574907591,-50.73956085529498,8.834076839129267,0.12323228326790538
C(PP07K)[T.código 1],Comprobante de pago: código 1,-7.723824502311382,-23.775338157734883,11.707843087588255,0.4096929196311312
C(PP07K)[T.código 2],Comprobante de pago: código 2,-11.975909605267432,-27.413614817827735,6.745093730374574,0.1947958922286559
C(PP07K)[T.código 3],Comprobante de pago: código 3,-1.0870796227187896,-17.899432944234782,19.168066292610852,0.9084489303932511
C(PP07K)[T.código 4],Comprobante de pago: código 4,-14.286570313679647,-28.615143919527863,2.9180757934112123,0.09857993475716181
C(cno_caracter)[T.06],"Carácter de la ocupación (CNO, 2 dígitos): 06",-4.13417696117545,-20.326892821567476,15.349537031725347,0.654687134871607
C(cno_caracter)[T.10],"Carácter de la ocupación (CNO, 2 dígitos): 10",-13.676374769948897,-21.15275255270921,-5.491079091381012,0.0014634279132945463
C(cno_caracter)[T.11],"Carácter de la ocupación (CNO, 2 dígitos): 11",-7.474253039122569,-18.0627780394339,4.482598333495802,0.2102812894560464
C(cno_caracter)[T.20],"Carácter de la ocupación (CNO, 2 dígitos): 20",-13.600683731930385,-21.193137736487266,-5.276753353925734,0.001838686646301542
C(cno_caracter)[T.30],"Carácter de la ocupación (CNO, 2 dígitos): 30",-15.994993383535972,-23.658184756245817,-7.562570864995088,0.0003552876037970275
C(cno_caracter)[T.31],"Carácter de la ocupación (CNO, 2 dígitos): 31",-36.090232301403724,-48.750318621908484,-20.302755110696445,7.046000656264561e-05
C(cno_caracter)[T.32],"Carácter de la ocupación (CNO, 2 dígitos): 32",-19.377930327616987,-29.27318904834275,-8.098244063324655,0.0012642540689349804
C(cno_caracter)[T.34],"Carácter de la ocupación (CNO, 2 dígitos): 34",-12.402503586143332,-33.63396015355439,15.621203189609844,0.3497716499510344
C(cno_caracter)[T.35],"Carácter de la ocupación (CNO, 2 dígitos): 35",-21.70192924323331,-30.665536471632603,-11.579500694868939,8.0175503773433e-05
C(cno_caracter)[T.36],"Carácter de la ocupación (CNO, 2 dígitos): 36",-8.933100419243855,-19.824711262089945,3.438108297453235,0.149913280252554
C(cno_caracter)[T.40],"Carácter de la ocupación (CNO, 2 dígitos): 40",-19.75040938772147,-26.84528168010467,-11.967444597666288,3.17957764856475e-06
C(cno_caracter)[T.41],"Carácter de la ocupación (CNO, 2 dígitos): 41",-12.311903463738128,-19.871754543225272,-4.038803915895928,0.004287537102364246
C(cno_caracter)[T.42],"Carácter de la ocupación (CNO, 2 dígitos): 42",-19.506927781307258,-28.669848061258897,-9.166958164227424,0.0004327421256228704
C(cno_caracter)[T.44],"Carácter de la ocupación (CNO, 2 dígitos): 44",-20.814453813948198,-33.34901076738128,-5.922615748444726,0.007945943385122799
C(cno_caracter)[T.45],"Carácter de la ocupación (CNO, 2 dígitos): 45",-28.40942081525175,-37.89553046783459,-17.474361078742675,4.06196589296996e-06
C(cno_caracter)[T.46],"Carácter de la ocupación (CNO, 2 dígitos): 46",-29.300964454358734,-37.296983470365596,-20.285276471163883,1.4941689364392968e-08
C(cno_caracter)[T.47],"Carácter de la ocupación (CNO, 2 dígitos): 47",-21.611253586635016,-32.28472313437716,-9.255402197456231,0.0011122522227521097
C(cno_caracter)[T.48],"Carácter de la ocupación (CNO, 2 dígitos): 48",-16.25500163842518,-24.818445420708414,-6.716151457289376,0.0012677915579611993
C(cno_caracter)[T.51],"Carácter de la ocupación (CNO, 2 dígitos): 51",-36.30430614804438,-47.37927789337265,-22.89840859536443,3.68581293132081e-06
C(cno_caracter)[T.53],"Carácter de la ocupación (CNO, 2 dígitos): 53",-20.110608831427122,-27.755665287581245,-11.656535468266494,1.2150162870445408e-05
C(cno_caracter)[T.55],"Carácter de la ocupación (CNO, 2 dígitos): 55",-6.847727893205279,-18.50692680586292,6.47955045193469,0.2984674659083765
C(cno_caracter)[T.56],"Carácter de la ocupación (CNO, 2 dígitos): 56",-19.51469190187919,-27.02684007501507,-11.229213229787804,1.408154046251113e-05
C(cno_caracter)[T.57],"Carácter de la ocupación (CNO, 2 dígitos): 57",-22.54008293873492,-31.76593791309913,-12.066809924102218,7.901161114353624e-05
C(cno_caracter)[T.58],"Carácter de la ocupación (CNO, 2 dígitos): 58",-25.36300435370694,-35.94213157867229,-13.036739179881296,0.000176049641063252
C(cno_caracter)[T.72],"Carácter de la ocupación (CNO, 2 dígitos): 72",-10.699348592727965,-23.697233857619125,4.512676865246412,0.15853996143360127
C(cno_caracter)[T.80],"Carácter de la ocupación (CNO, 2 dígitos): 80",-23.032956096290192,-30.893071617898137,-14.278843149830367,1.9053335744906614e-06
C(cno_caracter)[T.81],"Carácter de la ocupación (CNO, 2 dígitos): 81",-4.557782913976649,-16.31570073532268,8.852160827503752,0.4867725997472492
C(cno_caracter)[T.Otros],"Carácter de la ocupación (CNO, 2 dígitos): Otros",-13.068005122456604,-21.727348025719838,-3.4506747532654924,0.008899150448581531
C(tamano_establecimiento)[T.Hasta 5],Personas que trabajan en el establecimiento: Hasta 5,-11.228724964548398,-13.925814071764774,-8.447123996152994,3.841751574836847e-14
C(tamano_establecimiento)[T.Más de 40],Personas que trabajan en el establecimiento: Más de 40,8.625596366524757,6.412263869634294,10.884965293462345,3.348796648663503e-15
C(tamano_establecimiento)[T.Sin dato],Personas que trabajan en el establecimiento: Sin dato,-7.036678574762001,-10.597812115744876,-3.3336953498191324,0.000250958739393673
C(PP04A1)[T.código 0],"Nivel del Estado (nacional, provincial, municipal): código 0",10.010048170455743,1.0323315978906011,19.78552317918265,0.02806203329865503
C(PP04A1)[T.código 1],"Nivel del Estado (nacional, provincial, municipal): código 1",7.649013545478289,-2.08007591383752,18.34476206412996,0.12724939904161534
C(PP04A1)[T.código 2],"Nivel del Estado (nacional, provincial, municipal): código 2",9.75176489228966,1.059313537933404,19.191883214713013,0.02708698897601457
C(PP04A1)[T.código 3],"Nivel del Estado (nacional, provincial, municipal): código 3",-5.257975473801357,-13.181345510872477,3.388508657974132,0.22546341109582357
C(calificacion)[T.Operativa],Calificación de la ocupación: Operativa,8.301468239824095,4.487277507233944,12.254891722004913,1.3033722161345698e-05
C(calificacion)[T.Profesional],Calificación de la ocupación: Profesional,36.771793148651064,29.583904195735844,44.3583870790101,5.9764783750324734e-30
C(calificacion)[T.Sin dato],Calificación de la ocupación: Sin dato,11.91624471876802,-11.34779828310526,41.2852201003395,0.3436943683173418
C(calificacion)[T.Técnica],Calificación de la ocupación: Técnica,18.43511054408595,13.101271828246075,24.020492279617045,6.187617409548419e-13
C(parentesco)[T.Hija],Parentesco con el jefe/a de hogar: Hija,-14.589552213945122,-17.466826281631697,-11.611970528271732,1.8852250224601706e-19
C(parentesco)[T.Jefa],Parentesco con el jefe/a de hogar: Jefa,0.8249173774324436,-1.6512927590403348,3.3634731899388592,0.5172837297747751
C(parentesco)[T.Otro familiar o no familiar],Parentesco con el jefe/a de hogar: Otro familiar o no familiar,-7.643094618945668,-11.882110352032615,-3.2001559996304274,0.0009107813606459634
C(IV4)[T.código 1],Cubierta del techo: código 1,-1.7218703655799583,-19.81677472749719,20.456501114979275,0.8671395693169661
C(IV4)[T.código 2],Cubierta del techo: código 2,-3.400838037691223,-21.157108653360858,18.3543364841114,0.7384714099055847
C(IV4)[T.código 3],Cubierta del techo: código 3,2.730584301322514,-16.359454383353544,26.177715282511514,0.797305017945998
C(IV4)[T.código 4],Cubierta del techo: código 4,-5.293480422042651,-22.656748963898643,15.96777650817167,0.5986593824932608
C(IV4)[T.código 5],Cubierta del techo: código 5,-4.703709624678365,-23.31526547472379,18.424912279044104,0.6638653766933134
C(IV4)[T.código 7],Cubierta del techo: código 7,-3.0637880318264865,-22.851010846706576,21.79847453435533,0.7893739156423154
C(IV4)[T.código 9],Cubierta del techo: código 9,-0.5271514113191378,-19.026530546134403,22.198637073148888,0.959846845020447
C(estado_civil)[T.Separada o divorciada],Estado civil: Separada o divorciada,-0.5783391035422247,-4.036148316838839,3.0040633221551927,0.748098067973817
C(estado_civil)[T.Sin dato],Estado civil: Sin dato,-15.303188739316498,-19.748641549602507,-10.611484014171069,1.5602766732746515e-09
C(estado_civil)[T.Soltera],Estado civil: Soltera,0.8339354729855586,-2.355382085259372,4.127424123345458,0.6125507672933743
C(estado_civil)[T.Unida],Estado civil: Unida,1.0596430491224273,-1.5180601161084994,3.704815982067866,0.4239528723788566
C(estado_civil)[T.Viuda],Estado civil: Viuda,-5.437365601747346,-12.895792219593737,2.6596998262245153,0.1822856857040026
jornada_parcial,Jornada parcial (< 35 horas),22.81355266068612,20.123665303749803,25.56367372739736,6.516910680931348e-74
anios_educ,Años de educación,3.4000975657035637,2.954600618138614,3.8475222321766367,4.9908799321830786e-52
PP07H,Descuento jubilatorio (empleo registrado),24.684676422229202,17.28660109261615,32.549399417242775,1.5586565185169768e-12
PP07B1_01,Cobra un plan social por este trabajo,-30.694259902466225,-36.46437946780922,-24.400114923985317,1.3763400385892865e-16
exp_pot,Experiencia potencial (años),0.7114850649525106,0.38946383448956734,1.034539249162858,1.4324272988120126e-05
IV2,Ambientes de la vivienda,2.4767451427310183,1.6040725040340265,3.3569131260098084,2.0596276465801798e-08
PP3F_TOT,Horas en otras ocupaciones,0.11721404394970936,-0.05658849176605196,0.2913188239151543,0.18635337983286648
PP07F1,Le dan de comer en el trabajo,1.8604981685647282,-0.6127034608736204,4.395244145347799,0.14158861368714387
V14,Pidió préstamos a familiares o amigos,-6.461009249648497,-8.616327881682363,-4.254856608672874,1.958195567791266e-08
hijos_propios_menores_18,Hijos propios menores de 18 años,1.879472272209548,0.808418171486669,2.961905947252541,0.0005540594278852055
servicio_domestico_hogar,El hogar tiene servicio doméstico,23.635976430230563,17.171197642709846,30.45744155033465,9.700221830379991e-15
V17,Vendió pertenencias,-6.707844835697863,-9.81382368517999,-3.4948972133102774,5.840415129763782e-05
PP04B2,Cantidad de casas en que trabaja (servicio doméstico),0.5133231724216758,-2.364148339195704,3.4755979828204664,0.7297189124053848
antiguedad,Antigüedad en el empleo (tramos de 1 a 6),3.2882707664620536,2.3252183424494532,4.260387133717791,1.2946331136902556e-11
exp_pot2,Experiencia potencial al cuadrado,-0.011220549936430402,-0.018541820578621415,-0.0038987431847936627,0.002668458186902341
