variable,Argentina,Brasil,España
Año adicional de educación,5.102023523243626,5.750954998238722,3.880789222806702
Año de experiencia (inicial),1.0898884630453853,1.2577869558238364,2.2290627432655086
Cada menor de 18 en el hogar,0.32464361574389144,-1.0118882748862301,1.3265920232168549
Cada menor de 6 en el hogar,1.2295774267526038,3.460111073707539,-4.890114524834155
Cada otro ocupado del hogar,-4.236207861584685,-1.7657215676321059,-1.2555776934383034
Contrato temporal,-12.489361977392399,-15.773235191862678,-9.35855452943356
Empleo registrado / contrato escrito,43.62206423949617,34.17910291035664,16.04957059577825
En pareja,9.18393391578871,9.307801472272036,2.4508801835126937
Gran ciudad,9.204221919292577,8.75870958898961,6.618427623346057
Jornada parcial,27.180937672823703,28.5208801356732,8.146533450609938
Ocupación calificada (vs. media),20.45662595430806,65.30755496105944,33.57426453980399
Ocupación no calificada (vs. media),-12.503037257544737,-3.634096138287779,-12.080520976481612
