variable,|SHAP| medio,variable_base,descripción,bloque,carácter,% de la importancia
AGLOMERADO,0.11287195454446484,AGLOMERADO,Aglomerado urbano,Territorio y migración,Estructural (política pública),12.253907947236707
PP07H,0.09532890230507186,PP07H,Descuento jubilatorio (empleo registrado),Condiciones de trabajo,Accionable (empresa y política laboral),10.349352044730379
jornada_parcial,0.091658198245456,jornada_parcial,Jornada parcial (< 35 horas),Condiciones de trabajo,Accionable (empresa y política laboral),9.950843222679627
anios_educ,0.08969252145702422,anios_educ,Años de educación,Capital humano,Accionable (persona),9.737440145567374
PP07K,0.08685260119648429,PP07K,Comprobante de pago,Condiciones de trabajo,Accionable (empresa y política laboral),9.429125103176224
caes_division,0.08104189048839953,caes_division,"Actividad del establecimiento (CAES, 2 dígitos)",Ocupación y empresa,Accionable (empresa),8.798287138047844
cno_caracter,0.06247750375539381,cno_caracter,"Carácter de la ocupación (CNO, 2 dígitos)",Ocupación y empresa,Accionable (empresa),6.782850380163595
INTENSI,0.0552921973733804,INTENSI,Intensidad de la ocupación,Condiciones de trabajo,Accionable (empresa y política laboral),6.002779871654778
calificacion,0.04135337882560368,calificacion,Calificación de la ocupación,Ocupación y empresa,Accionable (empresa),4.489516456778724
parentesco,0.040349943280342825,parentesco,Parentesco con el jefe/a de hogar,Hogar y cuidados,Estructural (política pública),4.380578795051888
tamano_establecimiento,0.03388919049305205,tamano_establecimiento,Personas que trabajan en el establecimiento,Ocupación y empresa,Accionable (empresa),3.679169217758477
antiguedad,0.023215634085605546,antiguedad,Antigüedad en el empleo (tramos de 1 a 6),Capital humano,Accionable (persona),2.520397951553785
IV2,0.015594503714110622,IV2,Ambientes de la vivienda,Vivienda y hábitat,Estructural (política pública),1.6930123498505816
V14,0.013092997994163915,V14,Pidió préstamos a familiares o amigos,Estrategias del hogar,Estructural (política pública),1.421437174729135
exp_pot,0.011955457457768458,exp_pot,Experiencia potencial (años),Capital humano,Accionable (persona),1.2979404471718128
PP07B1_01,0.009736408361486181,PP07B1_01,Cobra un plan social por este trabajo,Condiciones de trabajo,Accionable (empresa y política laboral),1.0570300858160186
PP04A1,0.008315628089795768,PP04A1,"Nivel del Estado (nacional, provincial, municipal)",Ocupación y empresa,Accionable (empresa),0.9027835262272438
servicio_domestico_hogar,0.008088549054445955,servicio_domestico_hogar,El hogar tiene servicio doméstico,Hogar y cuidados,Estructural (política pública),0.8781307627736993
IV4,0.007857962310817288,IV4,Cubierta del techo,Vivienda y hábitat,Estructural (política pública),0.8530971860833476
V17,0.006868600169459889,V17,Vendió pertenencias,Estrategias del hogar,Estructural (política pública),0.7456873989878419
PP07F1,0.005689768169739668,PP07F1,Le dan de comer en el trabajo,Condiciones de trabajo,Accionable (empresa y política laboral),0.6177078768104532
hijos_propios_menores_18,0.0054275628443965105,hijos_propios_menores_18,Hijos propios menores de 18 años,Hogar y cuidados,Estructural (política pública),0.5892416388242531
PP3F_TOT,0.005294637868069572,PP3F_TOT,Horas en otras ocupaciones,Condiciones de trabajo,Accionable (empresa y política laboral),0.5748106809271144
estado_civil,0.005254969756071375,estado_civil,Estado civil,Hogar y cuidados,Estructural (política pública),0.5705041249289625
exp_pot2,0.0022941010243132305,exp_pot2,Experiencia potencial al cuadrado,Capital humano,Accionable (persona),0.24905835011939498
PP04B2,0.0016147988255142062,PP04B2,Cantidad de casas en que trabaja (servicio doméstico),Ocupación y empresa,Accionable (empresa),0.17531012235073765
