,20253,20254,20261
Jornada parcial (< 35 horas),0.0009377044287188468,0.0009114630828981854,0.00543242320996638
Aglomerado urbano,0.018986628577400584,0.023119228779850558,0.022919510829438564
Intensidad de la ocupación,0.0017887025499350993,0.0007489979425654346,0.008735837830564808
"Actividad del establecimiento (CAES, 2 dígitos)",0.016236619460652184,0.009839655957986275,0.03864926217145425
Años de educación,0.0014528077294977055,0.002471596620815823,0.0019850321911678535
Comprobante de pago,0.003198600777436821,0.004113300098093261,0.011933868951395627
"Carácter de la ocupación (CNO, 2 dígitos)",0.010670637099169487,0.012325523965043685,0.02590171168063
Descuento jubilatorio (empleo registrado),0.00010374774077968573,0.0008938315212683377,0.003094152719421479
Cobra un plan social por este trabajo,0.006532386761364254,0.008709834629831836,0.0077697865863514464
Experiencia potencial (años),0.0012081053021703663,0.0024079604550294536,0.0034630594097742376
Personas que trabajan en el establecimiento,0.0014623590634785899,0.00045401096301357993,0.004934109073893049
"Nivel del Estado (nacional, provincial, municipal)",0.0019737566002003956,0.0014154451206487995,0.0076890731514736915
Calificación de la ocupación,0.0009559094207480623,0.0009453624612272681,0.007729194319236993
Parentesco con el jefe/a de hogar,0.0011581189277613002,0.0002586292091436384,0.0006994354253786892
Ambientes de la vivienda,0.0026374554234887843,0.005384814291916016,0.004283942771184837
Horas en otras ocupaciones,0.0002613999053502749,0.002377015588591898,9.82889594313142e-05
Le dan de comer en el trabajo,0.00035447083278699633,0.0004803353986260154,2.970381468827547e-05
Cubierta del techo,0.00463239212261314,0.0030648825236425496,0.004786422034466107
Pidió préstamos a familiares o amigos,3.854440822714892e-08,0.00021568704554154216,0.002201682808496441
Hijos propios menores de 18 años,0.0004874666311880707,0.006407117319809136,0.0025022968190416273
El hogar tiene servicio doméstico,4.0914452268792704e-05,1.8874666466650614e-05,1.7123994985096493e-05
Estado civil,0.0010085918398425144,0.0012031299794809571,0.0022334482835332015
Vendió pertenencias,5.563302854561808e-05,0.00034035509825907934,0.0006534443027702974
Cantidad de casas en que trabaja (servicio doméstico),0.00044862157850814564,0.0002779329732038239,0.0014103079442555574
Antigüedad en el empleo (tramos de 1 a 6),0.0007181318200888037,0.0019636634448178575,0.004998330685689824
Experiencia potencial al cuadrado,0.0012081053021703663,0.0024079604550294536,0.0034630594097742376
y,0.019430510784306267,0.024082079688375852,0.02785620465929633
