AGLOMERADO,prima ajustada,prima bruta,% empleo registrado,% empleo estatal,años de educación,asalariadas encuestadas,aglomerado,lat,lon,región
17,30.1,40.7,78.9,36.7,13.0,1214,Neuquén-Plottier,-39.0,-68.1,Patagonia
31,24.9,36.0,83.5,46.6,13.3,1319,Ushuaia-Río Grande,-54.8,-68.3,Patagonia
9,19.0,20.2,69.5,28.2,12.7,698,Comodoro Rivadavia-Rada Tilly,-45.9,-67.5,Patagonia
93,18.5,27.3,76.2,50.4,12.9,934,Viedma-Carmen de Patagones,-40.8,-63.0,Patagonia
20,17.1,22.1,75.7,54.8,12.6,804,Río Gallegos,-51.6,-69.2,Patagonia
91,15.4,24.0,73.7,48.4,12.3,1080,Rawson-Trelew,-43.2,-65.3,Patagonia
32,13.3,44.6,79.2,24.4,14.6,1651,Ciudad Autónoma de Buenos Aires,-34.6,-58.4,Gran Buenos Aires
30,10.0,15.8,69.7,43.2,13.3,1074,Santa Rosa-Toay,-36.6,-64.3,Pampeana
34,9.6,6.8,65.5,23.9,13.1,744,Mar del Plata,-38.0,-57.6,Pampeana
3,5.2,8.0,67.4,27.4,13.2,834,Bahía Blanca-Cerri,-38.7,-62.3,Pampeana
36,5.0,1.5,59.8,24.7,13.1,1022,Río Cuarto,-33.1,-64.4,Pampeana
4,4.4,6.9,61.9,24.3,13.1,1678,Gran Rosario,-33.0,-60.6,Pampeana
13,2.4,-0.8,57.4,17.3,13.2,2408,Gran Córdoba,-31.4,-64.2,Pampeana
5,2.1,4.4,64.7,33.6,13.0,931,Gran Santa Fe,-31.6,-60.7,Pampeana
33,0.8,-4.9,58.6,22.0,12.6,4860,Partidos del Gran Buenos Aires,-34.8,-58.6,Gran Buenos Aires
26,-0.6,-2.1,56.1,53.4,12.9,1469,Gran San Luis,-33.3,-66.3,Cuyo
6,-2.5,5.2,70.1,41.2,13.6,1328,Gran Paraná,-31.7,-60.5,Pampeana
2,-4.8,-3.2,64.9,41.2,13.4,1119,Gran La Plata,-34.9,-58.0,Pampeana
38,-4.8,-10.4,58.0,22.3,12.7,1035,San Nicolás-Villa Constitución,-33.3,-60.2,Pampeana
14,-8.7,-17.6,52.8,34.2,12.4,969,Concordia,-31.4,-58.0,Pampeana
10,-11.1,-9.9,54.5,24.1,13.0,1638,Gran Mendoza,-32.9,-68.8,Cuyo
23,-11.5,-17.8,51.7,27.7,13.0,2162,Gran Salta,-24.8,-65.4,Noroeste
22,-12.1,-13.0,56.2,49.7,12.8,1834,Gran Catamarca,-28.5,-65.8,Noroeste
7,-12.2,-16.3,55.8,37.4,13.0,844,Posadas,-27.4,-55.9,Noreste
29,-12.2,-21.7,48.5,27.9,12.7,2156,Gran Tucumán-Tafí Viejo,-26.8,-65.2,Noroeste
15,-15.4,-26.5,56.0,39.9,12.8,1153,Formosa,-26.2,-58.2,Noreste
27,-17.3,-21.8,47.7,29.7,12.9,1451,Gran San Juan,-31.5,-68.5,Cuyo
19,-19.3,-21.4,56.9,45.9,13.2,1938,Jujuy-Palpalá,-24.2,-65.3,Noroeste
12,-20.5,-23.9,53.0,37.8,13.4,986,Corrientes,-27.5,-58.8,Noreste
8,-21.2,-28.5,59.6,42.6,12.9,953,Gran Resistencia,-27.4,-59.0,Noreste
18,-23.0,-29.8,51.2,41.5,12.4,1608,Santiago del Estero-La Banda,-27.8,-64.3,Noroeste
25,-23.8,-21.5,58.8,53.4,13.1,1610,La Rioja,-29.4,-66.9,Noroeste
